{
  "test_loss": 0.4867500364780426,
  "test_accuracy": 0.782608687877655,
  "macro_f1": 0.7943493726573602,
  "weighted_f1": 0.784321117793851,
  "per_class": {
    "BACTERIAL": {
      "precision": 0.8561151079136691,
      "recall": 0.6467391304347826,
      "f1-score": 0.7368421052631579,
      "support": 184
    },
    "NORMAL": {
      "precision": 0.9426229508196722,
      "recall": 0.9426229508196722,
      "f1-score": 0.9426229508196722,
      "support": 122
    },
    "VIRAL": {
      "precision": 0.6136363636363636,
      "recall": 0.8244274809160306,
      "f1-score": 0.7035830618892508,
      "support": 131
    }
  },
  "binary_sick_at_0.5": {
    "precision_sick": 0.9716088327769208,
    "recall_sick": 0.9777777777467372,
    "f1_sick": 0.9746835392730032
  }
}