{
  "test_loss": 0.5413529872894287,
  "test_accuracy": 0.752860426902771,
  "macro_f1": 0.7582376745662294,
  "weighted_f1": 0.7520151135788099,
  "per_class": {
    "BACTERIAL": {
      "precision": 0.7948717948717948,
      "recall": 0.6739130434782609,
      "f1-score": 0.7294117647058823,
      "support": 184
    },
    "NORMAL": {
      "precision": 0.8507462686567164,
      "recall": 0.9344262295081968,
      "f1-score": 0.890625,
      "support": 122
    },
    "VIRAL": {
      "precision": 0.6190476190476191,
      "recall": 0.6946564885496184,
      "f1-score": 0.6546762589928058,
      "support": 131
    }
  },
  "binary_sick_at_0.5": {
    "precision_sick": 0.9674267100662076,
    "recall_sick": 0.9428571428272109,
    "f1_sick": 0.9549839177997024
  }
}